date,temp_mean,temp_hi,temp_lo,precip
2015-05-31,73.65652173913044,82,66.9,0.65
2015-06-01,55.41842105263158,71.1,48.9,0
2015-06-02,54.932432432432435,61,51.8,0.02
2015-06-03,61.04137931034483,71.1,54,0
2015-06-04,64.97916666666667,75.9,55.4,0
2015-06-05,67.825,81,60.1,1.97
2015-06-06,64.89782608695653,73.9,61,0
2015-06-07,69.49166666666666,82,55.9,0
2015-06-08,73.66129032258064,80.6,68,1.05
2015-06-09,66.41794871794872,73,62.1,0.28
2015-06-10,70.675,84.2,57.9,0
2015-06-11,77.94583333333333,88,69.1,0
2015-06-12,77.18214285714285,88,66.9,0.26
2015-06-13,74.03888888888889,82,69.1,0.1
2015-06-14,70.77674418604651,82,66.2,0.05
2015-06-15,71.6360655737705,82.9,66.9,12.49
2015-06-16,73.67872340425532,79,69.8,2.43
2015-06-17,68.23888888888888,73,59,0
2015-06-18,73.05227272727272,82.9,66.9,1.6400000000000001
2015-06-19,68.96578947368421,78.1,66,1.45
2015-06-20,69.62325581395349,77,64.9,1.61
2015-06-21,72.53846153846153,84,68,0.25
2015-06-22,74.82916666666667,84,66,0.02
2015-06-23,76.45333333333333,82.9,70,0.75
2015-06-24,69.0375,77,60.1,0
2015-06-25,67.02580645161291,73.9,62.1,0.7
2015-06-26,66.74423076923077,79,62.1,0.08
2015-06-27,66.99615384615385,75.9,64,4.13
2015-06-28,62.12380952380953,71.1,57.9,0.07
2015-06-29,63.025,75.9,54,0.05
2015-06-30,66.68571428571428,77,61,1.27
2015-07-01,64.58205128205128,75,59,0
2015-07-02,68.37777777777778,77,60.1,0
2015-07-03,68.04166666666667,77,57.9,0
2015-07-04,66.91470588235295,78.1,64,5.79
2015-07-05,70.139130434782615,80.1,60.1,0
2015-07-06,73.853125,79,69.1,0.21000000000000002
2015-07-07,73.05294117647058,84,66.2,0.16999999999999998
2015-07-08,69.46444444444444,71.6,64.9,1.17
2015-07-09,71.33793103448276,82,66.2,0.93
2015-07-10,66.91764705882353,73,63,0.21
2015-07-11,70.91923076923077,81,63,0
2015-07-12,70.22307692307692,80.1,63,0.02
2015-07-13,71.552,80.1,64.9,0.01
2015-07-14,71.6046511627907,80.1,66,0.74
2015-07-15,69.98809523809524,75.9,66.2,0.06
2015-07-16,66.0375,79,55,0
2015-07-17,71.44583333333333,81,60.1,0
2015-07-18,79.39166666666667,86,73.9,0.03
2015-07-19,79.91153846153846,87.1,72,0
2015-07-20,75.61290322580645,84,69.8,0
2015-07-21,75.125,84,70,0.07
2015-07-22,67.975,75.9,60.1,0
2015-07-23,69.9875,80.1,61,0
2015-07-24,71.98333333333333,82.9,60.1,0
2015-07-25,75.59583333333333,84.9,66,0
2015-07-26,76.6625,86,66,0
2015-07-27,74.07083333333333,87.1,69.1,0
2015-07-28,77.72222222222223,88,70,0
2015-07-29,80.18333333333334,90,71.1,0
2015-07-30,79.33076923076923,84.9,73,0.01
2015-07-31,75.58333333333333,84.9,66,0
2015-08-01,75.05,81,66.9,0
2015-08-02,73.7625,84.9,64.9,0
2015-08-03,71.56666666666666,82,66,1.83
2015-08-04,69.19142857142857,80.1,62.6,0.03
2015-08-05,71.77916666666667,78.1,64,0
2015-08-06,65.49583333333334,71.1,59,0
2015-08-07,67.20833333333333,75.9,57.9,0
2015-08-08,71.21666666666667,81,63,0
2015-08-09,74.81666666666666,82.9,66.9,0
2015-08-10,75.1923076923077,82.9,66,0
2015-08-11,72.55405405405405,79,69.1,0.01
2015-08-12,68.27777777777779,75,62.1,0
2015-08-13,66.67916666666667,75.9,57,0
2015-08-14,71.3125,84,59,0
2015-08-15,75.15416666666667,86,63,0
2015-08-16,76.62916666666666,87.1,64,0
2015-08-17,78.60416666666667,89.1,66,0
2015-08-18,72.32285714285715,82.9,68,4.33
2015-08-19,72.35,86,66,0.03
2015-08-20,75.02,80.1,72,0.11
2015-08-21,68.59166666666667,77,60.1,0
2015-08-22,67.91666666666667,78.1,57,0
2015-08-23,69.48333333333333,81,60.1,0
2015-08-24,71.06,78.1,66,0
2015-08-25,65.075,72,57.9,0
2015-08-26,62.269230769230774,66.9,55.9,0
2015-08-27,63.62307692307692,69.1,59,0
2015-08-28,66.9625,78.1,57,0
2015-08-29,70.575,82.9,55,0
2015-08-30,74.024,84,66,0.04
2015-08-31,76.0375,87.1,66.9,0
2015-09-01,76.42222222222222,87.1,66,0
2015-09-02,77.60740740740741,87.1,69.1,0
2015-09-03,76.38148148148149,86,66.9,0
2015-09-04,76.04,89.1,68,0
2015-09-05,75.12692307692308,88,66.9,2.82
2015-09-06,75.24583333333334,84.9,66.9,0
2015-09-07,77.69583333333334,88,66.9,0
2015-09-08,78.63333333333333,89.1,68,0
2015-09-09,76.16153846153846,86,70,0.01
2015-09-10,67.3390243902439,70,64.4,1.99
2015-09-11,63.56046511627907,77,57.9,0
2015-09-12,60.14181818181818,72,55,0.7
2015-09-13,54.77105263157895,61,52,0.14
2015-09-14,59.766666666666666,72,50,0
2015-09-15,61.974074074074075,77,48,0
2015-09-16,69.1375,80.1,57,0
2015-09-17,70.25416666666666,82,57.9,0
2015-09-18,69.58076923076923,82,55.9,0
2015-09-19,72.20370370370371,82.9,64,0.79
2015-09-20,60.86857142857143,69.1,51.1,0.41000000000000003
2015-09-21,60.31666666666666,69.1,51.1,0
2015-09-22,62.7060606060606,73,55.9,0
2015-09-23,64.78,75.9,55,0
2015-09-24,66.73333333333333,79,55.9,0
2015-09-25,66.0125,75.9,55.9,0
2015-09-26,64.95416666666667,73.9,57,0
2015-09-27,65.12083333333334,73.9,59,0
2015-09-28,65.82432432432432,73,62.1,0.55
2015-09-29,67.52391304347826,69.8,64.9,2.79
2015-09-30,62.29454545454546,66,57.9,2.15
2015-10-01,55.425,61,51.1,0
2015-10-02,50.753846153846155,55.9,46.9,0.01
2015-10-03,45.705128205128204,52,42.1,1.22
2015-10-04,54.161764705882355,61,48.2,0
2015-10-05,56.02222222222222,69.1,46.9,0
2015-10-06,61.895833333333336,73.9,50,0
2015-10-07,63.21666666666667,68,59,0
2015-10-08,59.543243243243246,73,51.1,0
2015-10-09,63.723255813953486,70,59,1.3800000000000001
2015-10-10,54.21785714285714,61,46,0
2015-10-11,51.24333333333333,68,39.9,0
2015-10-12,58.3375,71.1,46.9,0
2015-10-13,59.832352941176474,66,55.9,0.08
2015-10-14,53.353846153846156,57,50,0
2015-10-15,51.7,62.1,45,0
2015-10-16,49.70357142857143,55,44.1,0.05
2015-10-17,42.041666666666664,48,37.9,0
2015-10-18,37.44166666666667,42.1,33.1,0
2015-10-19,41.57083333333333,57.9,28,0
2015-10-20,54.854166666666664,70,45,0
2015-10-21,58.170833333333334,71.1,46.9,0
2015-10-22,59.829166666666666,71.1,53.1,0.07
2015-10-23,53.7375,61,45,0
2015-10-24,56.667857142857144,64.9,51.1,0.16
2015-10-25,56.35897435897436,60.8,50,0.45
2015-10-26,46.9625,57,37.9,0
2015-10-27,49.403703703703705,57.9,41,0
2015-10-28,58.035135135135135,64.9,51.1,2.2800000000000002
2015-10-29,56.315625,64,48,0.16
2015-10-30,45.99375,48.9,42.1,0
2015-10-31,50.30833333333333,57.9,45,0
2015-11-01,57.306451612903224,64.9,53.1,0.03
2015-11-02,55.859375,66.9,50,0
2015-11-03,60.291666666666664,75,45,0
2015-11-04,65.77083333333333,77,53.1,0
2015-11-05,68.40416666666667,77,59,0
2015-11-06,67.503125,70,64.9,0.9500000000000001
2015-11-07,53.148,64.9,48,0
2015-11-08,45.90833333333333,53.1,39,0
2015-11-09,46.3875,60.1,34,0
2015-11-10,53.26730769230769,55.9,48.9,1.6500000000000001
2015-11-11,48.84473684210526,54,46,0
2015-11-12,50.97083333333333,66,43,0.2
2015-11-13,48.128571428571426,51.1,44.1,0
2015-11-14,43.05833333333334,46.9,41,0
2015-11-15,47.00416666666667,62.1,37,0
2015-11-16,52.541666666666664,64,39.9,0
2015-11-17,56.075,66,46.9,0
2015-11-18,59.38260869565217,64.9,54,0
2015-11-19,61.123333333333335,64.9,57.9,0.42
2015-11-20,44.94166666666666,55.9,37,0
2015-11-21,44.1125,55.9,35.1,0
2015-11-22,38.43333333333334,53.1,30.9,0.1
2015-11-23,30.15416666666667,37,24.1,0
2015-11-24,38.971428571428575,46,33.1,0
2015-11-25,42.795833333333334,57.9,33.1,0
2015-11-26,51.916666666666664,64.9,42.1,0
2015-11-27,57.50416666666667,66,52,0
2015-11-28,51.25714285714286,63,45,0.46
2015-11-29,41.32898550724638,45,37.9,0.04
2015-11-30,39.35333333333333,46,33.1,0
2015-12-01,49.95263157894737,59,44.1,0.92
2015-12-02,48.69230769230769,59,45,0.95
2015-12-03,37.738461538461536,46,34,0.07
2015-12-04,40.36153846153846,46.9,37.9,0
2015-12-05,34.57209302325581,50,27,0
2015-12-06,33.853191489361706,50,26.1,0
2015-12-07,37.33170731707317,48.9,30,0
2015-12-08,40.9,48,33.1,0
2015-12-09,43.114285714285714,57,33.1,0
2015-12-10,50.83783783783784,57,46,0.01
2015-12-11,54.04642857142857,61,48,0
2015-12-12,61.06206896551724,70,53.1,0
2015-12-13,61.952,66.9,57,0
2015-12-14,59.415625,68,48.9,0.64
2015-12-15,49.14411764705882,60.1,45,0.01
2015-12-16,48.068,57.9,44.1,0
2015-12-17,49.990476190476194,55,42.1,0.79
2015-12-18,33.39705882352941,41,30.2,0
2015-12-19,29.711111111111112,33.1,26.1,0.01
2015-12-20,31.095833333333335,41,24.1,0
2015-12-21,46.38333333333333,55,35.1,0.03
2015-12-22,56.16470588235294,62.1,53.1,0.43
2015-12-23,57.4625,64.9,51.1,0
2015-12-24,60.28125,64.9,57,0.59
2015-12-25,55.62592592592593,62.1,50,0.03
2015-12-26,52.154545454545456,57.9,48,0.48
2015-12-27,55.63777777777778,69.1,43,1.11
2015-12-28,38.17666666666667,41,36,0.2
2015-12-29,48.18709677419355,55,41,0.22
2015-12-30,46.26,51.1,42.1,0
2015-12-31,39.26486486486486,45,34,0
2016-01-01,32.0735294117647,36,30,0.03
2016-01-02,32,37,28,0
2016-01-03,33.0448275862069,34,32,0
2016-01-04,26.781395348837208,32,19,0.03
2016-01-05,17.022727272727273,28,8.1,0
2016-01-06,26.492,42.1,14,0
2016-01-07,35.420833333333334,48,23,0
2016-01-08,35.646153846153844,42.1,28,0.11
2016-01-09,44.743478260869566,55.9,39,0.04
2016-01-10,42.18372093023256,50,30,1.16
2016-01-11,20.905882352941177,30,16,0
2016-01-12,27.086301369863012,32,17.6,0.19
2016-01-13,12.840625,18,6.1,0
2016-01-14,29.4,44.1,19,0
2016-01-15,44.98695652173913,51.1,41,0
2016-01-16,38.47551020408164,48,34,0.31
2016-01-17,30.370731707317074,33.1,27,0
2016-01-18,13.68780487804878,26.1,8.1,0
2016-01-19,11.46,18,7,0
2016-01-20,16.23142857142857,21,9,0.08
2016-01-21,18.62558139534884,24.1,14,0
2016-01-22,20.236666666666665,25,16,0.07
2016-01-23,20.878846153846155,28.9,19,0.8
2016-01-24,19.358064516129033,28.9,12,0
2016-01-25,27.56551724137931,44.1,19,0
2016-01-26,44.42413793103448,50,37,0.02
2016-01-27,31.926666666666666,36,30,0
2016-01-28,30.025,43,23,0
2016-01-29,31.550943396226415,39,27,0.12
2016-01-30,34.141666666666666,54,21,0
2016-01-31,54.78333333333333,64.9,48.9,0
2016-02-01,50.26578947368421,60.1,41,0.16
2016-02-02,40.075,51.1,30.9,0
2016-02-03,55.26111111111111,64,46,0.58
2016-02-04,40.95625,57.9,35.1,0
2016-02-05,31.585714285714285,36,27,0
2016-02-06,34.083333333333336,44.1,27,0
2016-02-07,38.208333333333336,51.1,26.1,0
2016-02-08,39.36296296296296,48,32,0.04
2016-02-09,31.3875,36,27,0.1
2016-02-10,22.127118644067796,27,19,0.05
2016-02-11,15.632432432432433,19.4,12.2,0
2016-02-12,15.60625,19.9,6.1,0
2016-02-13,13.85873015873016,21,7,0.05
2016-02-14,9.866666666666667,18,3.9,0
2016-02-15,27.46904761904762,35.1,18,0.03
2016-02-16,34.286764705882355,36,33.1,3.43
2016-02-17,32.03148148148148,34,30.2,0.05
2016-02-18,27.58529411764706,33.1,18,0.03
2016-02-19,39.05833333333334,60.1,26.1,0
2016-02-20,58.92916666666667,68,51.1,0
2016-02-21,53.955,63,45,0
2016-02-22,40.72272727272727,51.1,30.9,0
2016-02-23,44.325,52,37.9,0
2016-02-24,47.915151515151514,64,39.2,1.04
2016-02-25,38.135384615384616,53.1,30.9,1.1400000000000001
2016-02-26,27.99142857142857,30.9,24.1,0
2016-02-27,31.824137931034482,42.1,27,0
2016-02-28,46.84166666666667,64.9,35.1,0
2016-02-29,49.09615384615385,60.1,37.9,0.1
2016-03-01,49.1875,66.9,34,0
2016-03-02,36.339393939393936,57,26.1,1.23
2016-03-03,28.128,35.1,21,0
2016-03-04,31.303636363636365,34,30,0.09
2016-03-05,34.075,42.1,30,0
2016-03-06,37.355172413793106,41,35.1,0
2016-03-07,46.936,64.9,33.1,0
2016-03-08,59.1875,70,51.1,0
2016-03-09,62.576,73.9,50,0
2016-03-10,61.648,66.9,57.9,0.16
2016-03-11,49.624,59,41,0.64
2016-03-12,51.27916666666667,66,39.9,0
2016-03-13,55.6375,63,51.1,0.15000000000000002
2016-03-14,55.1825,68,48.9,0.22
2016-03-15,53.16458333333333,60.1,48.9,0.36
2016-03-16,58.3125,69.1,50,0.01
2016-03-17,53.592592592592595,59,48.9,0
2016-03-18,48.575,57.9,39.9,0
2016-03-19,36.620588235294115,45,33.1,0.09
2016-03-20,34.95952380952381,39,32,0.17
2016-03-21,33.02222222222222,41,27,0.05
2016-03-22,43.03333333333333,59,28.9,0
2016-03-23,58.82083333333333,66.9,53.1,0
2016-03-24,61.75416666666667,73.9,50,0
2016-03-25,48.055813953488375,62.1,37.9,0.33
2016-03-26,40.19642857142857,57.9,32,0
2016-03-27,56.391666666666666,75,42.1,0
2016-03-28,52.26857142857143,63,44.1,0.8
2016-03-29,42.39259259259259,51.1,35.1,0.05
2016-03-30,48.1,68,30.9,0
2016-03-31,63.00416666666666,71.1,57.9,0
2016-04-01,61.716,66.9,51.1,0.01
2016-04-02,44.57741935483871,52,36,0.34
2016-04-03,32.821621621621624,46,25,0.03
2016-04-04,45.53793103448276,55,30.9,0.23
2016-04-05,28.638235294117646,39.9,23,0
2016-04-06,42.854166666666664,66,28,0
2016-04-07,46.205714285714286,59,39,0.57
2016-04-08,35.260975609756095,44.1,30.9,0.02
2016-04-09,32.18030303030303,39,28.9,0.26
2016-04-10,28.976,42.1,21.9,0
2016-04-11,53.3375,64.9,43,0.15
2016-04-12,45.675,55,36,0.64
2016-04-13,41.59166666666667,57,30.9,0
2016-04-14,51.15,66.9,37.9,0
2016-04-15,56.82083333333333,69.1,44.1,0
2016-04-16,59.954166666666666,73.9,46.9,0
2016-04-17,66.875,80.1,52,0
2016-04-18,68.5625,80.1,54,0
2016-04-19,67.25,73,59,0
2016-04-20,59.266666666666666,73,48,0
2016-04-21,64.86666666666666,73,55.9,0
2016-04-22,59.4325,66.9,55.9,1.65
2016-04-23,54.48918918918919,62.1,48,0
2016-04-24,53.1375,68,41,0
2016-04-25,63.6625,79,46.9,0
2016-04-26,68.04827586206896,75.9,57.9,0.27
2016-04-27,53.99666666666667,63,46.9,0
2016-04-28,53.26279069767442,57.9,50,0.86
2016-04-29,48.66415094339622,57,45,0
2016-04-30,52.27317073170732,66,46,0.05
2016-05-01,59.67857142857143,72,53.1,0.45
2016-05-02,60.775,68,55.9,0.19
2016-05-03,53.593333333333334,62.1,48,0
2016-05-04,54.4625,62.1,50,0.15
2016-05-05,51.80285714285714,57.9,46.9,0.39
2016-05-06,55.2,64.9,48.9,0.06
2016-05-07,55.38148148148148,70,46,0
2016-05-08,57.426923076923075,64.9,46.9,0.02
2016-05-09,53.141666666666666,57.9,46.9,0
2016-05-10,56.63333333333333,69.1,50,0.1
2016-05-11,61.4,72,55,0.8300000000000001
2016-05-12,64.81785714285715,78.1,55,0.29000000000000004
2016-05-13,63.028571428571425,71.1,57.2,0.23
2016-05-14,51.815,61,43,0.6900000000000001
2016-05-15,43.06551724137931,48.9,37.9,0
2016-05-16,48.458333333333336,62.1,36,0
2016-05-17,54.825,60.1,48,0
2016-05-18,52.72702702702703,57,48.9,0.34
2016-05-19,52.8,68,42.1,0
2016-05-20,60.975,72,48,0
2016-05-21,55.96491228070175,66.9,53.1,2.23
2016-05-22,53.48235294117647,62.1,50,0.07
2016-05-23,56.15106382978723,73.9,50,0.18
2016-05-24,63.65185185185185,78.1,50,0
2016-05-25,70.625,81,55.9,0
2016-05-26,72.72,81,64.9,0
2016-05-27,74.88076923076923,84.9,66,0
2016-05-28,77.49166666666667,87.1,66.9,0
2016-05-29,70.98620689655172,80.1,64,5.45
2016-05-30,70.17307692307692,82,61,0
2016-05-31,74,84.9,61,0
2016-06-01,75.3125,86,63,0
2016-06-02,74.6923076923077,80.1,69.1,0.17
2016-06-03,71.30425531914894,82,66,2.23
2016-06-04,73.2375,78.1,68,0
2016-06-05,69.19756097560976,75,64,0.5
2016-06-06,68.86923076923077,77,62.1,0.33
2016-06-07,63.77,70,59,0.86
2016-06-08,56.93448275862069,64,51.1,0
2016-06-09,61.104166666666664,70,52,0
2016-06-10,67.36666666666666,81,57,0
2016-06-11,76.61739130434782,88,68,0.01
2016-06-12,74.71666666666667,82.9,69.1,0
2016-06-13,63.59166666666667,73.9,52,0
2016-06-14,66.37083333333334,77,57,0
2016-06-15,72.71666666666667,84,62.1,0.02
2016-06-16,70.12448979591836,77,66.2,2.64
2016-06-17,68.7204081632653,80.1,64,4.1899999999999995
2016-06-18,74.78333333333333,82.9,64.9,0
2016-06-19,74.22083333333333,82,63,0
2016-06-20,74.4375,84.9,62.1,0
2016-06-21,76.60740740740741,82,72,0
2016-06-22,71.31666666666666,80.1,62.1,0
2016-06-23,68.81666666666666,73.9,66,0.62
2016-06-24,70.04126984126984,80.1,66.2,0
2016-06-25,74.65833333333333,84,66,0
2016-06-26,76.21666666666667,87.1,66,0
2016-06-27,77.08888888888889,87.1,70,0
2016-06-28,74.75833333333333,81,66.9,0
2016-06-29,64.25555555555556,72,55,0
2016-06-30,68.07307692307693,79,55,0
2016-07-01,70.18333333333334,80.1,60.1,0
2016-07-02,64.70833333333333,71.1,57,0
2016-07-03,66.1125,73.9,57.9,0
2016-07-04,69.21764705882353,75.9,61,0.36
2016-07-05,73.06545454545454,82.9,69.1,0.45
2016-07-06,77.6625,86,69.1,0
2016-07-07,73.65348837209302,82.9,68,0.67
2016-07-08,74.78095238095239,84,69.1,1.94
2016-07-09,75.02,81,71.1,0
2016-07-10,71.42083333333333,82,63,0
2016-07-11,73.65416666666667,84.9,62.1,0
2016-07-12,77.29583333333333,88,66,0
2016-07-13,78.03333333333333,86,73,0
2016-07-14,77.91515151515152,87.1,70,0.28
2016-07-15,74.134375,84.9,68,0.12
2016-07-16,74.076,82.9,64.9,0
2016-07-17,74.54615384615384,84.9,64.9,0
2016-07-18,77.07857142857142,86,71.1,0.03
2016-07-19,77.59166666666667,86,70,0.01
2016-07-20,73.54166666666667,84,63,0
2016-07-21,75.92083333333333,89.1,61,0
2016-07-22,76.47857142857143,87.1,68,1.5
2016-07-23,78.60333333333334,88,70,1.06
2016-07-24,74.62307692307692,90,69.1,1.45
2016-07-25,75.48301886792453,93,71.1,0.23
2016-07-26,77.66296296296296,86,70,0
2016-07-27,78.4625,88,70,0
2016-07-28,74.36944444444444,81,71.1,0.64
2016-07-29,71.14426229508197,82.9,66.2,0
2016-07-30,71.78823529411764,80.1,69.1,1.85
2016-07-31,71.15820895522388,84.9,66.9,0.03
2016-08-01,75.21785714285714,86,68,0
2016-08-02,75.32333333333334,87.1,68,0.98
2016-08-03,77.06153846153846,86,69.1,0
2016-08-04,76.25833333333333,82,71.1,0
2016-08-05,76.65357142857142,84,68,0
2016-08-06,76.31052631578947,82,73,0.01
2016-08-07,73.1875,82.9,63,0
2016-08-08,73.70416666666667,84,66,0
2016-08-09,76.67916666666666,87.1,66.9,0
2016-08-10,79.61071428571428,89.1,75,0.9299999999999999
2016-08-11,80.5375,90,73,0
2016-08-12,82.41481481481482,90,77,0.1
2016-08-13,81.56551724137931,90,75.9,0.84
2016-08-14,76.7625,82,73.9,1.23
2016-08-15,72.53,79,69.1,0.9
2016-08-16,74.1888888888889,77,73,0
2016-08-17,73.25576923076923,75,71.1,1.1300000000000001
2016-08-18,73.62972972972973,82.9,70,0
2016-08-19,71.64736842105263,82.9,64,0
2016-08-20,73.8625,84.9,69.1,0.1
2016-08-21,73.38695652173914,77,71.1,0.36
2016-08-22,67.94642857142857,75.9,60.1,0
2016-08-23,68.04333333333334,80.1,59,0
2016-08-24,72.828,84,62.1,0
2016-08-25,77.58333333333333,87.1,72,0.13
2016-08-26,77.84516129032258,86,71.6,1.12
2016-08-27,77.85,88,66.9,0
2016-08-28,79.38888888888889,89.1,70,0.47000000000000003
2016-08-29,71.50655737704918,84.9,66.2,2.69
2016-08-30,73.55833333333334,84.9,63,0
2016-08-31,70.76071428571429,80.1,62.1,0.02
2016-09-01,68.57083333333334,77,64,0.06
2016-09-02,65.7,75,55.9,0
2016-09-03,67.50833333333334,77,57,0
2016-09-04,69.67083333333333,81,57.9,0
2016-09-05,71.95,82.9,59,0
2016-09-06,73.32142857142857,88,62.1,0
2016-09-07,79.16071428571429,88,72,0.45
2016-09-08,79.27916666666667,86,72,0
2016-09-09,74.70666666666666,80.1,72,0.5700000000000001
2016-09-10,75.29743589743589,88,70,0.02
2016-09-11,67.98636363636363,81,61,0.12
2016-09-12,66.89583333333333,79,55,0
2016-09-13,71.99583333333334,82.9,61,0
2016-09-14,70.55714285714285,84,60.1,0.01
2016-09-15,65.13793103448276,75,55.9,0
2016-09-16,68.77692307692308,81,57.9,0
2016-09-17,71.30833333333334,79,66,0.03
2016-09-18,70.63888888888889,75.9,69.1,1.37
2016-09-19,69.80377358490566,80.1,66.2,0.15
2016-09-20,68.14651162790697,84,61,0
2016-09-21,72.9875,84,62.1,0
2016-09-22,73.5625,84.9,63,0
2016-09-23,71.48064516129033,87.1,61,0
2016-09-24,68.77058823529411,80.1,66,0
2016-09-25,62.045833333333334,75,50,0
2016-09-26,65.06969696969698,79,53.1,1.13
2016-09-27,61.38461538461539,71.1,52,0
2016-09-28,61.84814814814815,73.9,50,0
2016-09-29,61.99032258064516,68,57.2,1.97
2016-09-30,58.896491228070175,64.9,57,2.91
2016-10-01,61.652499999999996,72,55.9,0.4
2016-10-02,61.129411764705885,66.9,57.9,0.03
2016-10-03,58.98974358974359,66.9,54,0.09000000000000001
2016-10-04,58.044736842105266,73,51.1,0
2016-10-05,61.284,69.1,54,0
2016-10-06,61.53846153846154,75.2,48.9,0
2016-10-07,63.35277777777778,73.9,54,0.47000000000000003
2016-10-08,61.91153846153846,64.4,55.9,2.04
2016-10-09,51.795833333333334,59,44.1,0
2016-10-10,50.56923076923077,60.1,42.1,0
2016-10-11,52.475,64.9,39.9,0
2016-10-12,57.36296296296296,73,46,0
2016-10-13,57.113157894736844,64,52,0.17
2016-10-14,45.57941176470588,60.1,36,0
2016-10-15,55.026923076923076,73.9,42.1,0
2016-10-16,66.10833333333333,78.1,59,0
2016-10-17,66.215625,77,61,1.1300000000000001
2016-10-18,70.04166666666667,79,62.1,0
2016-10-19,70.64324324324325,75,66.2,0.05
2016-10-20,67.21891891891892,80.1,61,0.56
2016-10-21,56.64411764705882,64,48,4.11
2016-10-22,45.37358490566038,48,42.1,0.79
2016-10-23,50.69166666666667,64,42.1,0
2016-10-24,55.06923076923077,62.1,48.9,0
2016-10-25,46.607142857142854,53.1,39.9,0
2016-10-26,41.413333333333334,48.9,34,0
2016-10-27,54.4625,62.1,48,0.07
2016-10-28,45.76842105263158,54,41,0.02
2016-10-29,57.43333333333333,73.9,45,0
2016-10-30,62.03947368421053,71.1,52,0.16
2016-10-31,47.475,52,41,0.02
2016-11-01,55.775,77,43,0
2016-11-02,68.1,78.1,60.1,0
2016-11-03,62.94390243902439,68,55,0.02
2016-11-04,50.074074074074076,55.9,44.1,0
2016-11-05,47.704166666666666,59,36,0
2016-11-06,50.70384615384616,62.1,41,0
2016-11-07,53.50869565217391,66,43,0
2016-11-08,52.645833333333336,66,37.9,0
2016-11-09,48.71578947368421,59,44.1,0.17
2016-11-10,44.16923076923077,55.9,37,0
2016-11-11,48.436,55,42.1,0
2016-11-12,37.821739130434786,46,30,0
2016-11-13,40.61666666666667,54,28,0
2016-11-14,42.829166666666666,54,30.9,0
2016-11-15,45.85,55,35.1,0
2016-11-16,48.43846153846154,55,41,0
2016-11-17,41.774358974358975,57,33.1,0
2016-11-18,53.8375,72,39.9,0
2016-11-19,45.24,62.1,33.1,0.77
2016-11-20,30.974603174603175,34,28.9,0.22
2016-11-21,29.683333333333334,33.1,27,0
2016-11-22,30.30625,37,24.1,0
2016-11-23,34.625,46.9,26.1,0
2016-11-24,46.65238095238095,52,39.9,0.06
2016-11-25,44.31290322580645,48.9,39.9,0
2016-11-26,37.4,42.1,35.1,0
2016-11-27,38.3,44.1,33.1,0
2016-11-28,39.3875,50,30.9,0
2016-11-29,53.43571428571428,63,46,0.16
2016-11-30,53.464705882352945,57.9,50,0.41000000000000003
2016-12-01,44.35909090909091,55.9,37,0.85
2016-12-02,36.56666666666667,37.9,33.1,0
2016-12-03,35.63846153846154,37,34,0
2016-12-04,35.968,39.9,32,0
2016-12-05,39.5945945945946,43,36,0.22
2016-12-06,36.57272727272727,39,32,0.6900000000000001
2016-12-07,38.15909090909091,42.8,34,0.01
2016-12-08,31.07777777777778,37,25,0
2016-12-09,23.532,26.1,21,0
2016-12-10,23.633333333333333,26.1,21.9,0
2016-12-11,24.291428571428572,33.1,21.9,0.04
2016-12-12,35.67307692307692,42.1,30.9,1.41
2016-12-13,29.694117647058825,33.1,26.1,0.5700000000000001
2016-12-14,26.711363636363636,30.9,19.9,0.06
2016-12-15,12.462857142857143,21.9,8.1,0
2016-12-16,9.216666666666667,17.1,3.9,0
2016-12-17,33.11538461538461,52,19,1.6400000000000001
2016-12-18,42.916,60.1,26.1,3.04
2016-12-19,22.25483870967742,26.1,19,0
2016-12-20,21.243243243243242,35.1,15.1,0
2016-12-21,31.625,37,26.1,0
2016-12-22,36.38214285714286,39,33.1,0
2016-12-23,33.815384615384616,37,28.9,0
2016-12-24,43.023809523809526,46,36,0.04
2016-12-25,36.83714285714286,39.9,34,0
2016-12-26,45.7030303030303,63,32,0.15
2016-12-27,51.378125,64.9,37,0.34
2016-12-28,35.65,41,32,0
2016-12-29,35.82666666666667,39.9,32,0.31
2016-12-30,29.47,35.1,26.6,0.2
2016-12-31,32.24193548387097,41,24.1,0.03
2017-01-01,37.161764705882355,44.1,32,0.04
2017-01-02,42.283018867924525,46,37,0.21
2017-01-03,44.82142857142857,46.9,43,1.55
2017-01-04,40.07380952380952,50,25,0.31
2017-01-05,21.119565217391305,24.1,19,0.05
2017-01-06,16.119607843137256,21.9,7,0.07
2017-01-07,11.436,16,9,0
2017-01-08,10.52962962962963,16,7,0
2017-01-09,14.529166666666667,28,5,0
2017-01-10,31.68421052631579,48.9,24.1,0.12
2017-01-11,47.775,55,39.9,0.18
2017-01-12,57.642857142857146,64.9,48,1.09
2017-01-13,37.007894736842104,52,30,0.02
2017-01-14,31.155555555555555,36,27,0.02
2017-01-15,30.900000000000002,34,25,0
2017-01-16,32.51538461538461,39.2,27,0
2017-01-17,45.86825396825397,61,37,0.24
2017-01-18,44.42702702702703,55.9,39,0.08
2017-01-19,38.37906976744186,42.1,37,0
2017-01-20,44.86666666666667,55.9,35.1,0.2
2017-01-21,50.1469387755102,63,44.1,0
2017-01-22,55.7875,61,48.9,0
2017-01-23,45.21935483870968,55.9,34,1.11
2017-01-24,35.945283018867926,39.2,34,0.14
2017-01-25,41.82333333333333,53.1,37,0.060000000000000005
2017-01-26,40.165789473684214,51.1,35.1,0.76
2017-01-27,31.0625,35.1,28.9,0
2017-01-28,29.291176470588233,32,27,0.01
2017-01-29,29.675,33.1,28,0
2017-01-30,25.59130434782609,30,24.1,0.01
2017-01-31,30.876315789473683,39,21.9,0.08
2017-02-01,35.41111111111111,39,32,0.17
2017-02-02,32.18666666666667,36,28.9,0
2017-02-03,23.079166666666666,28,19,0
2017-02-04,22.0375,30,14,0
2017-02-05,34.083333333333336,45,24.1,0
2017-02-06,40.5375,55,30,0
2017-02-07,52.42857142857143,64,43,0.78
2017-02-08,47.7125,57.9,36,0.11
2017-02-09,24.792857142857144,35.1,18,1.1300000000000001
2017-02-10,18.65,25,14,0
2017-02-11,43.2875,54,26.1,0
2017-02-12,49.170212765957444,57.9,44.1,0.6900000000000001
2017-02-13,34.11176470588235,44.1,28,0.05
2017-02-14,36.075,48.9,27,0
2017-02-15,34.637837837837836,42.1,28,0.02
2017-02-16,26.235,28.9,24.1,0.05
2017-02-17,33.1375,53.1,21.9,0
2017-02-18,52.38333333333333,66,44.1,0
2017-02-19,52.67857142857143,63,44.1,0
2017-02-20,47.556756756756755,59,41,0
2017-02-21,54.55416666666667,66,48,0
2017-02-22,58.81666666666667,64.9,53.1,0
2017-02-23,59.51282051282051,68,53.1,0
2017-02-24,65.28333333333333,75.9,57,0
2017-02-25,53.141176470588235,69.1,35.1,0.77
2017-02-26,29.615,39,26.1,0
2017-02-27,38.582142857142856,45,33.1,0.04
2017-02-28,47.667857142857144,57,37.9,0
2017-03-01,56.27962962962963,61,53.1,2.93
2017-03-02,35.266666666666666,55,30,0.14
2017-03-03,27.288372093023256,32,24.1,0.09
2017-03-04,24.370833333333334,33.1,19,0
2017-03-05,28.304166666666667,46,16,0
2017-03-06,45.76428571428571,55.9,37,0.09
2017-03-07,53.108823529411765,61,48.9,0.66
2017-03-08,46.845238095238095,55.9,37.9,0.8200000000000001
2017-03-09,49.7375,57.9,41,0
2017-03-10,31.997260273972604,46.9,25,1.45
2017-03-11,20.72142857142857,26.1,15.1,0
2017-03-12,22.403703703703705,28,17.1,0
2017-03-13,26.66,39.9,19,0
2017-03-14,26.095833333333335,37,18,0.02
2017-03-15,17.758823529411764,26.1,14,0.05
2017-03-16,26.388461538461538,35.1,21,0
2017-03-17,31.30263157894737,41,21.9,0.37
2017-03-18,35.75873015873016,44.1,30.9,0.33
2017-03-19,36.07058823529412,41,33.1,0.03
2017-03-20,40.681481481481484,51.1,35.1,0
2017-03-21,50.251724137931035,60.1,45,0
2017-03-22,34.74230769230769,52,27,0
2017-03-23,31.858333333333334,50,19.9,0
2017-03-24,52.92916666666667,73,39,0.25
2017-03-25,66.97916666666667,73,62.1,0
2017-03-26,60.108333333333334,66,53.1,0.18
2017-03-27,55.58627450980392,69.1,51.8,0.64
2017-03-28,57.09583333333333,64,53.1,0.29000000000000004
2017-03-29,49.584375,60.1,44.1,0
2017-03-30,49.2375,55.9,45,0.06
2017-03-31,50.50925925925926,53.1,48.9,1.97
2017-04-01,44.37380952380953,53.6,39,0.68
2017-04-02,43.511538461538464,57,34,0
2017-04-03,57.37916666666666,71.1,48,0
2017-04-04,59.91935483870968,64,57,0.52
2017-04-05,53.71071428571428,71.1,45,0
2017-04-06,54.074285714285715,66,41,0.96
2017-04-07,34.31818181818182,41,32,0.24
2017-04-08,42.666666666666664,57.9,30.9,0
2017-04-09,53.975,72,36,0
2017-04-10,67.29583333333333,78.1,57,0
2017-04-11,65.30384615384615,72,60.1,0.23
2017-04-12,55.92058823529412,66,48.9,0.02
2017-04-13,51.6625,60.1,42.1,0
2017-04-14,58.916666666666664,72,48.9,0
2017-04-15,66.125,81,52,0
2017-04-16,67.24666666666667,75,62.1,1.57
2017-04-17,61.63448275862069,68,54,0.56
2017-04-18,58.15,70,46.9,0
2017-04-19,63.61153846153846,72,55.9,0.02
2017-04-20,64.61836734693878,75.9,57.9,2.5
2017-04-21,63.903703703703705,69.1,59,0.17
2017-04-22,48.776666666666664,57.9,42.1,0.06
2017-04-23,52.016666666666666,66,39,0
2017-04-24,54.579166666666666,61,48,0.06
2017-04-25,56.12647058823529,63,48.9,0.15
2017-04-26,60.88,75.9,53.1,0
2017-04-27,69.38333333333334,81,57.9,0.01
2017-04-28,61.7037037037037,70,51.1,0.07
2017-04-29,62.527027027027025,75,54,0.47000000000000003
2017-04-30,69.34814814814816,84.9,59,0
2017-05-01,68.9475,81,63,0.86
2017-05-02,54.88928571428571,63,48.9,0.19
2017-05-03,50.07857142857143,57.9,44.1,0.02
2017-05-04,54.9125,66,48.9,0.01
2017-05-05,56.66285714285714,72,51.8,0.11
2017-05-06,45.733333333333334,55.9,42.1,0.95
2017-05-07,45.258823529411764,55.9,41,0.06
2017-05-08,47.5375,55.9,39,0
2017-05-09,50.079166666666666,64,37,0
2017-05-10,58.75416666666666,71.1,48,0
2017-05-11,53.15098039215686,64,50,2
2017-05-12,51.86551724137931,55.9,50,0
2017-05-13,54.011764705882356,66.9,48.2,0
2017-05-14,59.9625,69.1,50,0
2017-05-15,56.225,70,43,0
2017-05-16,64.32916666666667,82,46.9,0
2017-05-17,75.525,86,64.9,0
2017-05-18,75.62083333333334,84.9,68,0
2017-05-19,73.92962962962963,81,69.1,0
2017-05-20,63.0625,71.1,57,0.03
2017-05-21,65.8842105263158,75,59,2.96
2017-05-22,63.41612903225806,66,60.1,0.01
2017-05-23,60.583333333333336,71.1,50,0
2017-05-24,61.33548387096774,66.9,57.9,0.08
2017-05-25,58.6,68,55,0.8300000000000001
2017-05-26,58.845283018867924,66.9,55.9,0.4
2017-05-27,62.940909090909095,70,55.9,0.13999999999999999
2017-05-28,63.406060606060606,75.9,57,0.02
2017-05-29,66.34772727272727,77,60.1,0.91
2017-05-30,69.868,78.1,62.1,0.06
2017-05-31,64.43928571428572,75.9,57,0.41000000000000003
2017-06-01,62.354166666666664,73,55,0
2017-06-02,66.44166666666666,75,55.9,0
2017-06-03,69.45833333333333,79,61,0
2017-06-04,67.764,82,60.1,0.19
2017-06-05,66.58918918918918,73.9,63,1.68
2017-06-06,59.08409090909091,64.9,54,0.56
2017-06-07,56.70666666666666,64,51.1,0.15
2017-06-08,59.5,70,51.1,0
2017-06-09,65.575,75.9,55.9,0
2017-06-10,71.36666666666667,82,62.1,0.03
2017-06-11,74.80416666666667,84.9,64,0
2017-06-12,77.9875,86,66,0
2017-06-13,74.62105263157895,89.1,66,8.06
2017-06-14,73.1225,82.9,66.9,6.07
2017-06-15,72.98974358974358,86,68,6.51
2017-06-16,70.37567567567568,82.4,64.9,9.629999999999999
2017-06-17,69.9578947368421,84.9,62.6,0
2017-06-18,75.515625,87.1,68,2.65
2017-06-19,68.57959183673469,77,64,1.98
2017-06-20,67.54166666666667,75.9,59,0
2017-06-21,70.01153846153846,78.1,61,0.42000000000000004
2017-06-22,75.57352941176471,82.9,64.9,0
2017-06-23,71.88032786885246,77,68,5.68
2017-06-24,69.75428571428571,79,66,0.44
2017-06-25,68.75,73.9,62.1,0
2017-06-26,65.17083333333333,73,55.9,0
2017-06-27,62.229166666666664,69.1,55,0
2017-06-28,63.675,73.9,50,0
2017-06-29,70.71666666666667,84,60.1,0
2017-06-30,75.42666666666666,84,66,0.5
2017-07-01,75.88064516129032,81,70,1.25
2017-07-02,75.64166666666667,82,68,0
2017-07-03,74.18148148148148,82.9,64.9,0.44
2017-07-04,72.32,82.9,66.9,0
2017-07-05,75.3625,86,64.9,0
2017-07-06,72.88837209302325,81,68,3.9499999999999997
2017-07-07,70.14246575342466,81,66.9,0.41
2017-07-08,67.925,75,64,1.29
2017-07-09,68.15833333333333,77,55.9,0
2017-07-10,68.44285714285715,80.1,61,0.99
2017-07-11,71.74864864864865,82.9,64.9,0.75
2017-07-12,74.32333333333334,87.1,68,0.06
2017-07-13,75.34193548387097,80.1,73,0.11000000000000001
2017-07-14,74.64418604651163,82.9,71.1,1.27
2017-07-15,73.09230769230768,78.1,66,0
2017-07-16,72.05416666666666,80.1,62.1,0
2017-07-17,74.15,84.9,64,0
2017-07-18,77.28695652173913,87.1,66.9,0
2017-07-19,79.11923076923077,89.1,69.1,0
2017-07-20,78.525,87.1,71.1,0.9400000000000001
2017-07-21,75.65714285714286,86,69.8,0
2017-07-22,73.9622641509434,79,72,1.09
2017-07-23,74.19574468085106,79,72,0.03
2017-07-24,70.8340909090909,79,66.9,0.42000000000000004
2017-07-25,66.85714285714286,75,62.1,0
2017-07-26,69.475,80.1,60.1,0
2017-07-27,73.6875,81,64.9,0
2017-07-28,72.7195652173913,78.1,69.1,0.39
2017-07-29,63.30833333333334,75,55,8.6
2017-07-30,70.33333333333333,82.9,60.1,0
2017-07-31,73.70833333333333,82,64.9,0
2017-08-01,74.84166666666667,82.9,63,0
2017-08-02,74.18823529411765,82.9,64.9,0.75
2017-08-03,73.08888888888889,82.9,64.9,0.01
2017-08-04,73.45862068965518,82.9,66.2,0.3
2017-08-05,63.46774193548387,71.1,57.9,0.06
2017-08-06,64.84166666666667,70,59,0
2017-08-07,64.56086956521739,70,60.1,1.99
2017-08-08,66.28108108108108,73.9,61,0
2017-08-09,65.55357142857143,78.1,53.1,0
2017-08-10,69.16666666666667,77,61,0
2017-08-11,67.96000000000001,80.1,64,0.04
2017-08-12,70.0972972972973,78.1,64.9,0.09000000000000001
2017-08-13,68.59285714285714,77,60.1,0
2017-08-14,69.09166666666667,77,62.1,0
2017-08-15,74.27777777777777,84.9,66,0
2017-08-16,75.8125,84,68,0
2017-08-17,75.4,86,64.9,0
2017-08-18,74.28297872340426,82.9,71.1,6.18
2017-08-19,71.29310344827586,82,63,0.74
2017-08-20,64.8576923076923,82,57.9,0
2017-08-21,74.15357142857142,84,66,0.15000000000000002
2017-08-22,74.93666666666667,84,70,2.01
2017-08-23,69.588,75,64,0
2017-08-24,62.54222222222222,72,57,0.38999999999999996
2017-08-25,61.75,70,54,0.11
2017-08-26,63.11666666666667,73,53.1,0
2017-08-27,66.4125,77,57,0
2017-08-28,66.79166666666667,73.9,60.1,0
2017-08-29,65.73846153846154,73.9,60.1,0
2017-08-30,65.79583333333333,77,55.9,0
2017-08-31,68.6125,73.9,62.1,0
2017-09-01,56.7125,63,52,0
2017-09-02,57.53714285714286,66,53.1,0.72
2017-09-03,61.25,71.1,55.9,0.06
2017-09-04,67.4875,80.1,57,0
2017-09-05,68.73333333333333,73.9,64.9,1.49
2017-09-06,62.24,68,57,0
2017-09-07,57.034615384615385,64,50,0
2017-09-08,57.980000000000004,66.9,52,0.11
2017-09-09,56.972,66,48,0
2017-09-10,56.80833333333334,66.9,46.9,0
2017-09-11,59.81666666666666,69.1,48,0
2017-09-12,61.6,68,55,0
2017-09-13,68.81481481481481,78.1,60.1,0
2017-09-14,63.53170731707317,72,60.1,0.3
2017-09-15,61.793055555555554,72,55.9,0
2017-09-16,68.32333333333334,79,60.8,0
2017-09-17,68.665,80.1,62.6,0
2017-09-18,68.28048780487805,82,62.1,0
2017-09-19,71.49166666666667,81,64,0
2017-09-20,71.3875,80.1,62.1,0
2017-09-21,70.37894736842105,84.9,62.1,0
2017-09-22,73.07916666666667,84,62.1,0
2017-09-23,72.77826086956522,84.9,60.1,0
2017-09-24,75.25,88,63,0
2017-09-25,76.9,84.9,66.9,0
2017-09-26,77.25,87.1,68,0
2017-09-27,74.30333333333333,89.1,64,0
2017-09-28,66.27407407407408,79,57.9,0
2017-09-29,58.23461538461539,71.1,50,0.15
2017-09-30,54.332,62.1,48,0
2017-10-01,54.03333333333333,68,42.1,0
2017-10-02,59.304,73.9,45,0
2017-10-03,63.79565217391305,75.9,50,0
2017-10-04,66.275,80.1,53.1,0
2017-10-05,65.78611111111111,72,63,1.75
2017-10-06,64.9609756097561,71.1,62.1,0
2017-10-07,70.32916666666667,82,63,0
2017-10-08,70.10810810810811,73.9,66.9,0.52
2017-10-09,71.312,75.9,66.9,0.7
2017-10-10,69.96410256410256,78.1,64.9,0.26
2017-10-11,68.98125,77,62.1,0.35000000000000003
2017-10-12,65.12222222222222,71.1,62.1,0.13
2017-10-13,63.348,73,55.9,0
2017-10-14,64.032,77,54,0
2017-10-15,67.49,78.1,61,1.04
2017-10-16,52.997058823529414,60.1,48,0
2017-10-17,47.06785714285714,62.1,35.1,0
2017-10-18,54.424,69.1,41,0
2017-10-19,57.40833333333333,69.1,46,0
2017-10-20,61.3,72,52,0
2017-10-21,60.225,73.9,46.9,0
2017-10-22,64.32608695652173,75.9,51.1,0
2017-10-23,61.69230769230769,66.9,55.9,0.64
2017-10-24,54.76904761904762,59,50,1.11
2017-10-25,43.60285714285715,48,41,0.05
2017-10-26,42.851612903225806,51.1,37,0
2017-10-27,49.723076923076924,70,36,0
2017-10-28,49.96388888888889,61,41,0.61
2017-10-29,38.635211267605634,42.1,37,1.26
2017-10-30,41,48,37.9,0.19
2017-10-31,40.16153846153846,46,35.1,0
2017-11-01,35.525,37,34,0
